{
  "a1": [
    [
      128.0,
      25.0
    ],
    [
      177.25662231445312,
      22.999731063842773
    ],
    [
      178.07431030273438,
      71.26819610595703
    ],
    [
      128.47569274902344,
      73.28327941894531
    ]
  ],
  "a2": [
    [
      177.25662231445312,
      22.999731063842773
    ],
    [
      226.51133728027344,
      20.999540328979492
    ],
    [
      227.6710205078125,
      69.25318145751953
    ],
    [
      178.07431030273438,
      71.26819610595703
    ]
  ],
  "a3": [
    [
      226.51133728027344,
      20.999540328979492
    ],
    [
      275.7641906738281,
      18.99942398071289
    ],
    [
      277.26580810546875,
      67.23824310302734
    ],
    [
      227.6710205078125,
      69.25318145751953
    ]
  ],
  "a4": [
    [
      275.7641906738281,
      18.99942398071289
    ],
    [
      325.01513671875,
      16.999385833740234
    ],
    [
      326.8586730957031,
      65.223388671875
    ],
    [
      277.26580810546875,
      67.23824310302734
    ]
  ],
  "a5": [
    [
      325.01513671875,
      16.999385833740234
    ],
    [
      374.2641906738281,
      14.99942398071289
    ],
    [
      376.4496154785156,
      63.20861053466797
    ],
    [
      326.8586730957031,
      65.223388671875
    ]
  ],
  "a6": [
    [
      374.2641906738281,
      14.99942398071289
    ],
    [
      423.5113525390625,
      12.999539375305176
    ],
    [
      426.0386657714844,
      61.19390869140625
    ],
    [
      376.4496154785156,
      63.20861053466797
    ]
  ],
  "a7": [
    [
      423.5113525390625,
      12.999539375305176
    ],
    [
      472.7566223144531,
      10.999731063842773
    ],
    [
      475.62579345703125,
      59.179283142089844
    ],
    [
      426.0386657714844,
      61.19390869140625
    ]
  ],
  "a8": [
    [
      472.7566223144531,
      10.999731063842773
    ],
    [
      522.0,
      9.0
    ],
    [
      525.2109985351562,
      57.164737701416016
    ],
    [
      475.62579345703125,
      59.179283142089844
    ]
  ],
  "b1": [
    [
      128.47569274902344,
      73.28327941894531
    ],
    [
      178.07431030273438,
      71.26819610595703
    ],
    [
      178.90345764160156,
      120.21163940429688
    ],
    [
      128.9580535888672,
      122.24177551269531
    ]
  ],
  "b2": [
    [
      178.07431030273438,
      71.26819610595703
    ],
    [
      227.6710205078125,
      69.25318145751953
    ],
    [
      228.84690856933594,
      118.18158721923828
    ],
    [
      178.90345764160156,
      120.21163940429688
    ]
  ],
  "b3": [
    [
      227.6710205078125,
      69.25318145751953
    ],
    [
      277.26580810546875,
      67.23824310302734
    ],
    [
      278.7884216308594,
      116.151611328125
    ],
    [
      228.84690856933594,
      118.18158721923828
    ]
  ],
  "b4": [
    [
      277.26580810546875,
      67.23824310302734
    ],
    [
      326.8586730957031,
      65.223388671875
    ],
    [
      328.7279968261719,
      114.12171936035156
    ],
    [
      278.7884216308594,
      116.151611328125
    ]
  ],
  "b5": [
    [
      326.8586730957031,
      65.223388671875
    ],
    [
      376.4496154785156,
      63.20861053466797
    ],
    [
      378.6656188964844,
      112.09190368652344
    ],
    [
      328.7279968261719,
      114.12171936035156
    ]
  ],
  "b6": [
    [
      376.4496154785156,
      63.20861053466797
    ],
    [
      426.0386657714844,
      61.19390869140625
    ],
    [
      428.601318359375,
      110.06216430664062
    ],
    [
      378.6656188964844,
      112.09190368652344
    ]
  ],
  "b7": [
    [
      426.0386657714844,
      61.19390869140625
    ],
    [
      475.62579345703125,
      59.179283142089844
    ],
    [
      478.5350646972656,
      108.03250122070312
    ],
    [
      428.601318359375,
      110.06216430664062
    ]
  ],
  "b8": [
    [
      475.62579345703125,
      59.179283142089844
    ],
    [
      525.2109985351562,
      57.164737701416016
    ],
    [
      528.4668579101562,
      106.00292205810547
    ],
    [
      478.5350646972656,
      108.03250122070312
    ]
  ],
  "c1": [
    [
      128.9580535888672,
      122.24177551269531
    ],
    [
      178.90345764160156,
      120.21163940429688
    ],
    [
      179.7442626953125,
      169.84434509277344
    ],
    [
      129.4471893310547,
      171.88973999023438
    ]
  ],
  "c2": [
    [
      178.90345764160156,
      120.21163940429688
    ],
    [
      228.84690856933594,
      118.18158721923828
    ],
    [
      230.03936767578125,
      167.79901123046875
    ],
    [
      179.7442626953125,
      169.84434509277344
    ]
  ],
  "c3": [
    [
      228.84690856933594,
      118.18158721923828
    ],
    [
      278.7884216308594,
      116.151611328125
    ],
    [
      280.3324890136719,
      165.7537841796875
    ],
    [
      230.03936767578125,
      167.79901123046875
    ]
  ],
  "c4": [
    [
      278.7884216308594,
      116.151611328125
    ],
    [
      328.7279968261719,
      114.12171936035156
    ],
    [
      330.6236572265625,
      163.7086181640625
    ],
    [
      280.3324890136719,
      165.7537841796875
    ]
  ],
  "c5": [
    [
      328.7279968261719,
      114.12171936035156
    ],
    [
      378.6656188964844,
      112.09190368652344
    ],
    [
      380.912841796875,
      161.66354370117188
    ],
    [
      330.6236572265625,
      163.7086181640625
    ]
  ],
  "c6": [
    [
      378.6656188964844,
      112.09190368652344
    ],
    [
      428.601318359375,
      110.06216430664062
    ],
    [
      431.2000732421875,
      159.61854553222656
    ],
    [
      380.912841796875,
      161.66354370117188
    ]
  ],
  "c7": [
    [
      428.601318359375,
      110.06216430664062
    ],
    [
      478.5350646972656,
      108.03250122070312
    ],
    [
      481.4853210449219,
      157.57362365722656
    ],
    [
      431.2000732421875,
      159.61854553222656
    ]
  ],
  "c8": [
    [
      478.5350646972656,
      108.03250122070312
    ],
    [
      528.4668579101562,
      106.00292205810547
    ],
    [
      531.7686157226562,
      155.52877807617188
    ],
    [
      481.4853210449219,
      157.57362365722656
    ]
  ],
  "d1": [
    [
      129.4471893310547,
      171.88973999023438
    ],
    [
      179.7442626953125,
      169.84434509277344
    ],
    [
      180.5970001220703,
      220.18093872070312
    ],
    [
      129.94326782226562,
      222.24183654785156
    ]
  ],
  "d2": [
    [
      179.7442626953125,
      169.84434509277344
    ],
    [
      230.03936767578125,
      167.79901123046875
    ],
    [
      231.2487335205078,
      218.12013244628906
    ],
    [
      180.5970001220703,
      220.18093872070312
    ]
  ],
  "d3": [
    [
      230.03936767578125,
      167.79901123046875
    ],
    [
      280.3324890136719,
      165.7537841796875
    ],
    [
      281.8984680175781,
      216.05938720703125
    ],
    [
      231.2487335205078,
      218.12013244628906
    ]
  ],
  "d4": [
    [
      280.3324890136719,
      165.7537841796875
    ],
    [
      330.6236572265625,
      163.7086181640625
    ],
    [
      332.54620361328125,
      213.9987335205078
    ],
    [
      281.8984680175781,
      216.05938720703125
    ]
  ],
  "d5": [
    [
      330.6236572265625,
      163.7086181640625
    ],
    [
      380.912841796875,
      161.66354370117188
    ],
    [
      383.1919250488281,
      211.93817138671875
    ],
    [
      332.54620361328125,
      213.9987335205078
    ]
  ],
  "d6": [
    [
      380.912841796875,
      161.66354370117188
    ],
    [
      431.2000732421875,
      159.61854553222656
    ],
    [
      433.8356628417969,
      209.87767028808594
    ],
    [
      383.1919250488281,
      211.93817138671875
    ]
  ],